{
    "now": "2025-05-22T13:09:37.897Z",
    "perfNow": 49315146.999999985,
    "diagnosticCorrelation": "4001d0f1-2afe-4f65-8ff6-9b9f56b47b3b",
    "source": "DownloadSupportFiles",
    "environment": {
        "productName": "adf",
        "buildVersion": "1.0.052025.5",
        "environmentType": 3,
        "resourceName": "MksAzureDeOlistDf",
        "resourceRegion": "centralindia",
        "resourceGroup": "MksAzureDeRg1",
        "subscriptionId": "507a1da5-fa22-40c5-951b-13c0d163067a",
        "sessionId": "w96JPG47fcmkGr6FcyazyC",
        "operationId": "",
        "gitType": "live",
        "loggingKey": "cd0bd628-cb91-4f39-b1b7-2609d9d57d05"
    },
    "additionalInfo": {
        "selectedResource": "OlistDataPipeline",
        "selectedResourceType": "pipeline"
    }
}