{
    "name": "DelimitedText1",
    "properties": {
        "linkedServiceName": {
            "referenceName": "AzureDataLakeStorageOlist",
            "type": "LinkedServiceReference"
        },
        "parameters": {
            "fileName": {
                "type": "String"
            }
        },
        "annotations": [],
        "type": "DelimitedText",
        "typeProperties": {
            "location": {
                "type": "AzureBlobFSLocation",
                "fileName": {
                    "value": "@dataset().fileName",
                    "type": "Expression"
                },
                "folderPath": "bronze",
                "fileSystem": "olistdata"
            },
            "columnDelimiter": ",",
            "escapeChar": "\\",
            "firstRowAsHeader": true,
            "quoteChar": "\""
        },
        "schema": []
    }
}