{
    "name": "DelimitedText2",
    "properties": {
        "linkedServiceName": {
            "referenceName": "AzureDataLakeStorageOlist",
            "type": "LinkedServiceReference"
        },
        "annotations": [],
        "type": "DelimitedText",
        "typeProperties": {
            "location": {
                "type": "AzureBlobFSLocation",
                "fileName": "olist_order_payments_dataset.csv",
                "folderPath": "bronze",
                "fileSystem": "olistdata"
            },
            "columnDelimiter": ",",
            "escapeChar": "\\",
            "firstRowAsHeader": true,
            "quoteChar": "\""
        },
        "schema": []
    }
}